center_id,space_type,day_of_week,slot_start_time,slot_end_time,class_name,class_length,timetable_key
14,STUDIO,Sunday,08:00:00,13:29:59,Pump,45,0
14,STUDIO,Thursday,12:00:00,14:59:59,Yoga,60,1
14,STUDIO,Thursday,12:00:00,14:59:59,LBT,45,2
14,STUDIO,Thursday,16:30:00,20:29:59,Bodytone,45,3
14,STUDIO,Sunday,08:00:00,13:29:59,LBT,30,4
14,STUDIO,Wednesday,12:00:00,14:59:59,Yoga,60,5
14,SPIN,Tuesday,16:30:00,20:29:59,Cycle,45,6
14,STUDIO,Thursday,06:00:00,08:59:59,Pump,45,7
14,STUDIO,Tuesday,12:00:00,14:59:59,Pump,45,8
14,STUDIO,Monday,16:30:00,20:29:59,LBT,45,9
14,STUDIO,Thursday,12:00:00,14:59:59,Pump,45,10
14,STUDIO,Tuesday,12:00:00,14:59:59,Yoga,60,11
14,STUDIO,Tuesday,12:00:00,14:59:59,LBT,45,12
14,STUDIO,Tuesday,16:30:00,20:29:59,Combat,45,13
14,STUDIO,Monday,16:30:00,20:29:59,Pump,45,14
14,STUDIO,Thursday,16:30:00,20:29:59,Step,30,15
14,STUDIO,Wednesday,09:00:00,11:59:59,Zumba,45,16
14,STUDIO,Wednesday,06:00:00,08:59:59,Pilates,60,17
14,STUDIO,Saturday,08:00:00,13:29:59,Pump,45,18
14,STUDIO,Thursday,09:00:00,11:59:59,Bootcamp,45,19
14,STUDIO,Thursday,16:30:00,20:29:59,Yoga,60,20
14,STUDIO,Friday,16:30:00,20:29:59,LBT,30,21
14,STUDIO,Monday,09:00:00,11:59:59,LBT,30,22
14,STUDIO,Thursday,16:30:00,20:29:59,Zumba,60,23
14,STUDIO,Tuesday,09:00:00,11:59:59,Pilates,60,24
14,STUDIO,Wednesday,09:00:00,11:59:59,Pilates,45,25
14,STUDIO,Wednesday,16:30:00,20:29:59,LBT,45,26
14,FUNCTIONAL,Friday,06:00:00,08:59:59,SWEAT,30,27
14,SPIN,Friday,16:30:00,20:29:59,Cycle,45,28
14,STUDIO,Thursday,09:00:00,11:59:59,LBT,30,29
14,SPIN,Friday,06:00:00,08:59:59,Cycle,30,30
14,STUDIO,Monday,16:30:00,20:29:59,Bodytone,30,31
14,STUDIO,Tuesday,09:00:00,11:59:59,Circuits,45,32
14,STUDIO,Friday,06:00:00,08:59:59,LBT,45,33
14,STUDIO,Friday,09:00:00,11:59:59,Bootcamp,45,34
14,STUDIO,Thursday,09:00:00,11:59:59,Step,30,35
14,STUDIO,Monday,06:00:00,08:59:59,Burn It,30,36
14,SPIN,Monday,09:00:00,11:59:59,Cycle,45,37
14,STUDIO,Wednesday,16:30:00,20:29:59,Dance,45,38
14,STUDIO,Thursday,06:00:00,08:59:59,Circuits,45,39
14,FUNCTIONAL,Monday,16:30:00,20:29:59,SWEAT,30,40
14,STUDIO,Monday,09:00:00,11:59:59,Step,30,41
14,STUDIO,Monday,09:00:00,11:59:59,Bodytone,30,42
14,SPIN,Wednesday,06:00:00,08:59:59,Cycle,45,43
14,STUDIO,Sunday,08:00:00,13:29:59,Dance,45,44
14,STUDIO,Sunday,08:00:00,13:29:59,Zumba,60,45
14,STUDIO,Tuesday,12:00:00,14:59:59,HEAT,30,46
14,STUDIO,Tuesday,16:30:00,20:29:59,LBT,30,47
14,SPIN,Monday,06:00:00,08:59:59,Cycle,30,48
14,STUDIO,Wednesday,09:00:00,11:59:59,Bodytone,45,49
14,STUDIO,Thursday,09:00:00,11:59:59,Aerobics,30,50
14,SPIN,Wednesday,16:30:00,20:29:59,Cycle,45,51
14,SPIN,Tuesday,12:00:00,14:59:59,Cycle,45,52
14,STUDIO,Wednesday,16:30:00,20:29:59,Combat,30,53
14,SPIN,Tuesday,09:00:00,11:59:59,Cycle,30,54
14,STUDIO,Monday,16:30:00,20:29:59,Pilates,60,55
14,STUDIO,Tuesday,16:30:00,20:29:59,Step,45,56
14,STUDIO,Tuesday,09:00:00,11:59:59,Pump,45,57
14,STUDIO,Wednesday,12:00:00,14:59:59,Pump,45,58
14,STUDIO,Wednesday,16:30:00,20:29:59,Bodytone,30,59
14,STUDIO,Tuesday,09:00:00,11:59:59,Yoga,60,60
14,FUNCTIONAL,Wednesday,12:00:00,14:59:59,SWEAT,45,61
14,STUDIO,Monday,16:30:00,20:29:59,Step,30,62
14,STUDIO,Tuesday,16:30:00,20:29:59,Bodytone,45,63
14,STUDIO,Saturday,08:00:00,13:29:59,LBT,45,64
14,STUDIO,Wednesday,16:30:00,20:29:59,Aerobics,30,65
14,STUDIO,Tuesday,06:00:00,08:59:59,Circuits,45,66
14,FUNCTIONAL,Tuesday,16:30:00,20:29:59,STRENGTH,30,67
14,STUDIO,Friday,09:00:00,11:59:59,Pump,45,68
14,SPIN,Monday,16:30:00,20:29:59,Cycle,45,69
14,STUDIO,Friday,06:00:00,08:59:59,Bootcamp,45,70
14,SPIN,Monday,12:00:00,14:59:59,Cycle,30,71
14,STUDIO,Friday,09:00:00,11:59:59,Circuits,45,72
14,STUDIO,Friday,16:30:00,20:29:59,Pump,45,73
14,SPIN,Wednesday,09:00:00,11:59:59,Cycle,30,74
14,FUNCTIONAL,Monday,06:00:00,08:59:59,STRENGTH,30,75
14,STUDIO,Monday,12:00:00,14:59:59,LBT,45,76
14,SPIN,Wednesday,12:00:00,14:59:59,Cycle,30,77
14,STUDIO,Sunday,08:00:00,13:29:59,Yoga,60,78
14,STUDIO,Tuesday,16:30:00,20:29:59,Zumba,45,79
14,SPIN,Friday,12:00:00,14:59:59,Cycle,30,80
14,STUDIO,Friday,16:30:00,20:29:59,Yoga,60,81
14,STUDIO,Saturday,08:00:00,13:29:59,Pilates,45,82
14,STUDIO,Tuesday,06:00:00,08:59:59,Bootcamp,45,83
14,STUDIO,Wednesday,12:00:00,14:59:59,Step,45,84
14,SPIN,Friday,09:00:00,11:59:59,Cycle,45,85
14,SPIN,Thursday,16:30:00,20:29:59,Cycle,45,86
14,STUDIO,Wednesday,16:30:00,20:29:59,Zumba,60,87
14,SPIN,Tuesday,06:00:00,08:59:59,Cycle,30,88
14,STUDIO,Thursday,09:00:00,11:59:59,Zumba,60,89
14,SPIN,Thursday,12:00:00,14:59:59,Cycle,30,90
14,STUDIO,Friday,12:00:00,14:59:59,Bodytone,45,91
14,STUDIO,Tuesday,09:00:00,11:59:59,LBT,45,92
14,STUDIO,Monday,16:30:00,20:29:59,Zumba,45,93
14,SPIN,Saturday,08:00:00,13:29:59,Cycle,45,94
14,STUDIO,Saturday,08:00:00,13:29:59,Dance,30,95
14,STUDIO,Thursday,06:00:00,08:59:59,Bootcamp,45,96
14,STUDIO,Thursday,12:00:00,14:59:59,Step,30,97
14,STUDIO,Friday,09:00:00,11:59:59,Bodytone,45,98
14,STUDIO,Wednesday,09:00:00,11:59:59,Pump,45,99
14,STUDIO,Wednesday,09:00:00,11:59:59,LBT,30,100
14,STUDIO,Friday,12:00:00,14:59:59,LBT,45,101
14,STUDIO,Monday,16:30:00,20:29:59,Aerobics,45,102
14,FUNCTIONAL,Thursday,06:00:00,08:59:59,STRENGTH,45,103
14,STUDIO,Tuesday,16:30:00,20:29:59,Pump,45,104
14,STUDIO,Wednesday,16:30:00,20:29:59,Yoga,60,105
14,STUDIO,Monday,12:00:00,14:59:59,Pump,45,106
14,STUDIO,Tuesday,16:30:00,20:29:59,Yoga,45,107
14,STUDIO,Wednesday,16:30:00,20:29:59,Pilates,30,108
14,STUDIO,Wednesday,16:30:00,20:29:59,Pump,45,109
14,STUDIO,Monday,09:00:00,11:59:59,Yoga,45,110
14,STUDIO,Wednesday,06:00:00,08:59:59,Pump,30,111
14,STUDIO,Friday,09:00:00,11:59:59,Pilates,45,112
14,SPIN,Sunday,08:00:00,13:29:59,Cycle,45,113
14,STUDIO,Wednesday,06:00:00,08:59:59,Bodytone,30,114
14,STUDIO,Wednesday,12:00:00,14:59:59,Bodytone,45,115
14,STUDIO,Thursday,16:30:00,20:29:59,Pump,45,116
14,STUDIO,Thursday,16:30:00,20:29:59,Combat,30,117
14,STUDIO,Wednesday,06:00:00,08:59:59,Yoga,60,118
30,STUDIO,Wednesday,16:30:00,20:29:59,Yoga,60,119
30,STUDIO,Thursday,16:30:00,20:29:59,Combat,30,120
30,STUDIO,Tuesday,12:00:00,14:59:59,Pump,45,121
30,STUDIO,Monday,16:30:00,20:29:59,Pilates,60,122
30,STUDIO,Tuesday,06:00:00,08:59:59,LBT,45,123
30,STUDIO,Friday,16:30:00,20:29:59,Burn It,30,124
30,STUDIO,Thursday,16:30:00,20:29:59,Bodytone,45,125
30,FUNCTIONAL,Friday,06:00:00,08:59:59,SWEAT,30,126
30,STUDIO,Wednesday,16:30:00,20:29:59,Pump,45,127
30,STUDIO,Thursday,16:30:00,20:29:59,Step,30,128
30,STUDIO,Wednesday,06:00:00,08:59:59,Pump,30,129
30,STUDIO,Tuesday,16:30:00,20:29:59,LBT,30,130
30,STUDIO,Friday,09:00:00,11:59:59,Bootcamp,45,131
30,STUDIO,Friday,16:30:00,20:29:59,Yoga,60,132
30,STUDIO,Thursday,12:00:00,14:59:59,LBT,45,133
30,STUDIO,Thursday,09:00:00,11:59:59,Aerobics,30,134
30,STUDIO,Tuesday,09:00:00,11:59:59,Circuits,45,135
30,STUDIO,Tuesday,06:00:00,08:59:59,Bodytone,45,136
30,STUDIO,Wednesday,06:00:00,08:59:59,Bodytone,30,137
30,STUDIO,Friday,12:00:00,14:59:59,Burn It,30,138
30,STUDIO,Saturday,08:00:00,13:29:59,Pilates,45,139
30,STUDIO,Wednesday,16:30:00,20:29:59,Bodytone,30,140
30,STUDIO,Tuesday,16:30:00,20:29:59,Yoga,45,141
30,FUNCTIONAL,Wednesday,12:00:00,14:59:59,SWEAT,45,142
30,STUDIO,Wednesday,16:30:00,20:29:59,LBT,45,143
30,STUDIO,Friday,09:00:00,11:59:59,Bodytone,45,144
30,STUDIO,Thursday,16:30:00,20:29:59,Yoga,60,145
30,STUDIO,Friday,06:00:00,08:59:59,LBT,45,146
30,STUDIO,Friday,12:00:00,14:59:59,Bodytone,45,147
30,STUDIO,Tuesday,09:00:00,11:59:59,LBT,45,148
30,STUDIO,Tuesday,09:00:00,11:59:59,Pilates,60,149
30,STUDIO,Wednesday,09:00:00,11:59:59,Zumba,45,150
30,STUDIO,Thursday,12:00:00,14:59:59,Yoga,60,151
30,STUDIO,Wednesday,12:00:00,14:59:59,Pump,45,152
30,STUDIO,Friday,09:00:00,11:59:59,Pilates,45,153
30,STUDIO,Monday,16:30:00,20:29:59,Pump,45,154
30,STUDIO,Monday,12:00:00,14:59:59,LBT,45,155
30,STUDIO,Saturday,08:00:00,13:29:59,LBT,45,156
30,STUDIO,Monday,16:30:00,20:29:59,Combat,45,157
30,STUDIO,Thursday,09:00:00,11:59:59,Bootcamp,45,158
30,STUDIO,Wednesday,09:00:00,11:59:59,Bodytone,45,159
30,STUDIO,Wednesday,16:30:00,20:29:59,Dance,45,160
30,STUDIO,Tuesday,16:30:00,20:29:59,Zumba,45,161
30,STUDIO,Friday,06:00:00,08:59:59,Bootcamp,45,162
30,STUDIO,Monday,12:00:00,14:59:59,Pump,45,163
30,STUDIO,Monday,16:30:00,20:29:59,Zumba,45,164
30,STUDIO,Tuesday,12:00:00,14:59:59,Bodytone,45,165
30,STUDIO,Thursday,06:00:00,08:59:59,Pump,45,166
30,STUDIO,Friday,16:30:00,20:29:59,Bodytone,45,167
30,STUDIO,Friday,16:30:00,20:29:59,Pump,45,168
30,STUDIO,Wednesday,06:00:00,08:59:59,Pilates,60,169
30,FUNCTIONAL,Tuesday,16:30:00,20:29:59,STRENGTH,30,170
30,FUNCTIONAL,Monday,06:00:00,08:59:59,STRENGTH,30,171
30,STUDIO,Thursday,16:30:00,20:29:59,Pump,45,172
30,STUDIO,Wednesday,12:00:00,14:59:59,Yoga,60,173
30,STUDIO,Monday,16:30:00,20:29:59,Bodytone,30,174
30,STUDIO,Sunday,08:00:00,13:29:59,Zumba,60,175
30,STUDIO,Tuesday,06:00:00,08:59:59,Circuits,45,176
30,STUDIO,Tuesday,12:00:00,14:59:59,HEAT,30,177
30,STUDIO,Thursday,09:00:00,11:59:59,Step,30,178
30,STUDIO,Wednesday,12:00:00,14:59:59,Step,45,179
30,STUDIO,Friday,09:00:00,11:59:59,Circuits,45,180
30,STUDIO,Monday,16:30:00,20:29:59,Step,30,181
30,STUDIO,Tuesday,16:30:00,20:29:59,Step,45,182
30,STUDIO,Friday,16:30:00,20:29:59,Circuits,45,183
30,STUDIO,Thursday,12:00:00,14:59:59,Bodytone,30,184
30,STUDIO,Friday,12:00:00,14:59:59,LBT,45,185
30,STUDIO,Wednesday,06:00:00,08:59:59,Burn It,30,186
30,STUDIO,Monday,16:30:00,20:29:59,LBT,45,187
30,STUDIO,Wednesday,09:00:00,11:59:59,Pilates,45,188
30,STUDIO,Wednesday,09:00:00,11:59:59,LBT,30,189
30,STUDIO,Tuesday,09:00:00,11:59:59,Burn It,45,190
30,STUDIO,Saturday,08:00:00,13:29:59,Pump,45,191
30,STUDIO,Tuesday,16:30:00,20:29:59,Pump,45,192
30,STUDIO,Monday,06:00:00,08:59:59,Burn It,30,193
30,STUDIO,Thursday,16:30:00,20:29:59,Bootcamp,45,194
30,STUDIO,Thursday,12:00:00,14:59:59,Step,30,195
30,STUDIO,Wednesday,16:30:00,20:29:59,Combat,30,196
30,FUNCTIONAL,Thursday,06:00:00,08:59:59,STRENGTH,45,197
30,STUDIO,Tuesday,06:00:00,08:59:59,Bootcamp,45,198
30,STUDIO,Monday,09:00:00,11:59:59,Step,30,199
30,STUDIO,Tuesday,16:30:00,20:29:59,Combat,45,200
30,STUDIO,Thursday,09:00:00,11:59:59,Burn It,45,201
30,STUDIO,Tuesday,16:30:00,20:29:59,Bootcamp,45,202
30,STUDIO,Wednesday,12:00:00,14:59:59,Bodytone,45,203
30,STUDIO,Saturday,08:00:00,13:29:59,Yoga,60,204
30,STUDIO,Wednesday,16:30:00,20:29:59,Pilates,30,205
30,STUDIO,Thursday,09:00:00,11:59:59,Zumba,60,206
30,STUDIO,Sunday,08:00:00,13:29:59,Yoga,60,207
30,STUDIO,Wednesday,09:00:00,11:59:59,Pump,45,208
30,STUDIO,Monday,09:00:00,11:59:59,Bodytone,30,209
30,STUDIO,Thursday,06:00:00,08:59:59,LBT,30,210
30,STUDIO,Thursday,06:00:00,08:59:59,Bootcamp,45,211
30,STUDIO,Monday,09:00:00,11:59:59,LBT,30,212
30,STUDIO,Friday,16:30:00,20:29:59,LBT,30,213
30,STUDIO,Saturday,08:00:00,13:29:59,Dance,30,214
30,FUNCTIONAL,Monday,16:30:00,20:29:59,SWEAT,30,215
30,STUDIO,Friday,09:00:00,11:59:59,Pump,45,216
30,STUDIO,Tuesday,12:00:00,14:59:59,Yoga,60,217
30,STUDIO,Sunday,08:00:00,13:29:59,Pump,45,218
30,STUDIO,Monday,16:30:00,20:29:59,Aerobics,45,219
30,STUDIO,Monday,09:00:00,11:59:59,Yoga,45,220
30,STUDIO,Thursday,12:00:00,14:59:59,Pump,45,221
30,STUDIO,Thursday,16:30:00,20:29:59,Circuits,45,222
30,STUDIO,Tuesday,09:00:00,11:59:59,Pump,45,223
30,STUDIO,Tuesday,12:00:00,14:59:59,LBT,45,224
30,STUDIO,Sunday,08:00:00,13:29:59,LBT,30,225
30,STUDIO,Thursday,06:00:00,08:59:59,Circuits,45,226
30,STUDIO,Wednesday,16:30:00,20:29:59,Zumba,60,227
30,STUDIO,Tuesday,09:00:00,11:59:59,Yoga,60,228
30,STUDIO,Tuesday,06:00:00,08:59:59,Pump,30,229
28,STUDIO,Sunday,08:00:00,13:29:59,Pump,45,230
28,STUDIO,Thursday,12:00:00,14:59:59,Yoga,60,231
28,STUDIO,Thursday,12:00:00,14:59:59,LBT,45,232
28,STUDIO,Thursday,16:30:00,20:29:59,Bodytone,45,233
28,STUDIO,Sunday,08:00:00,13:29:59,LBT,30,234
28,STUDIO,Wednesday,12:00:00,14:59:59,Yoga,60,235
28,SPIN,Tuesday,16:30:00,20:29:59,Cycle,45,236
28,STUDIO,Thursday,06:00:00,08:59:59,Pump,45,237
28,STUDIO,Tuesday,12:00:00,14:59:59,Pump,45,238
28,STUDIO,Monday,16:30:00,20:29:59,LBT,45,239
28,STUDIO,Thursday,12:00:00,14:59:59,Pump,45,240
28,STUDIO,Tuesday,12:00:00,14:59:59,Yoga,60,241
28,STUDIO,Tuesday,12:00:00,14:59:59,LBT,45,242
28,STUDIO,Tuesday,16:30:00,20:29:59,Combat,45,243
28,STUDIO,Monday,16:30:00,20:29:59,Pump,45,244
28,STUDIO,Thursday,16:30:00,20:29:59,Step,30,245
28,STUDIO,Wednesday,09:00:00,11:59:59,Zumba,45,246
28,STUDIO,Wednesday,06:00:00,08:59:59,Pilates,60,247
28,STUDIO,Saturday,08:00:00,13:29:59,Pump,45,248
28,STUDIO,Thursday,09:00:00,11:59:59,Bootcamp,45,249
28,STUDIO,Thursday,16:30:00,20:29:59,Yoga,60,250
28,STUDIO,Friday,16:30:00,20:29:59,LBT,30,251
28,STUDIO,Monday,09:00:00,11:59:59,LBT,30,252
28,STUDIO,Thursday,16:30:00,20:29:59,Zumba,60,253
28,STUDIO,Tuesday,09:00:00,11:59:59,Pilates,60,254
28,STUDIO,Wednesday,09:00:00,11:59:59,Pilates,45,255
28,STUDIO,Wednesday,16:30:00,20:29:59,LBT,45,256
28,FUNCTIONAL,Friday,06:00:00,08:59:59,SWEAT,30,257
28,SPIN,Friday,16:30:00,20:29:59,Cycle,45,258
28,STUDIO,Thursday,09:00:00,11:59:59,LBT,30,259
28,SPIN,Friday,06:00:00,08:59:59,Cycle,30,260
28,STUDIO,Monday,16:30:00,20:29:59,Bodytone,30,261
28,STUDIO,Tuesday,09:00:00,11:59:59,Circuits,45,262
28,STUDIO,Friday,06:00:00,08:59:59,LBT,45,263
28,STUDIO,Friday,09:00:00,11:59:59,Bootcamp,45,264
28,STUDIO,Thursday,09:00:00,11:59:59,Step,30,265
28,STUDIO,Monday,06:00:00,08:59:59,Burn It,30,266
28,SPIN,Monday,09:00:00,11:59:59,Cycle,45,267
28,STUDIO,Wednesday,16:30:00,20:29:59,Dance,45,268
28,STUDIO,Thursday,06:00:00,08:59:59,Circuits,45,269
28,FUNCTIONAL,Monday,16:30:00,20:29:59,SWEAT,30,270
28,STUDIO,Monday,09:00:00,11:59:59,Step,30,271
28,STUDIO,Monday,09:00:00,11:59:59,Bodytone,30,272
28,SPIN,Wednesday,06:00:00,08:59:59,Cycle,45,273
28,STUDIO,Sunday,08:00:00,13:29:59,Dance,45,274
28,STUDIO,Sunday,08:00:00,13:29:59,Zumba,60,275
28,STUDIO,Tuesday,12:00:00,14:59:59,HEAT,30,276
28,STUDIO,Tuesday,16:30:00,20:29:59,LBT,30,277
28,SPIN,Monday,06:00:00,08:59:59,Cycle,30,278
28,STUDIO,Wednesday,09:00:00,11:59:59,Bodytone,45,279
28,STUDIO,Thursday,09:00:00,11:59:59,Aerobics,30,280
28,SPIN,Wednesday,16:30:00,20:29:59,Cycle,45,281
28,SPIN,Tuesday,12:00:00,14:59:59,Cycle,45,282
28,STUDIO,Wednesday,16:30:00,20:29:59,Combat,30,283
28,SPIN,Tuesday,09:00:00,11:59:59,Cycle,30,284
28,STUDIO,Monday,16:30:00,20:29:59,Pilates,60,285
28,STUDIO,Tuesday,16:30:00,20:29:59,Step,45,286
28,STUDIO,Tuesday,09:00:00,11:59:59,Pump,45,287
28,STUDIO,Wednesday,12:00:00,14:59:59,Pump,45,288
28,STUDIO,Wednesday,16:30:00,20:29:59,Bodytone,30,289
28,STUDIO,Tuesday,09:00:00,11:59:59,Yoga,60,290
28,FUNCTIONAL,Wednesday,12:00:00,14:59:59,SWEAT,45,291
28,STUDIO,Monday,16:30:00,20:29:59,Step,30,292
28,STUDIO,Tuesday,16:30:00,20:29:59,Bodytone,45,293
28,STUDIO,Saturday,08:00:00,13:29:59,LBT,45,294
28,STUDIO,Wednesday,16:30:00,20:29:59,Aerobics,30,295
28,STUDIO,Tuesday,06:00:00,08:59:59,Circuits,45,296
28,FUNCTIONAL,Tuesday,16:30:00,20:29:59,STRENGTH,30,297
28,STUDIO,Friday,09:00:00,11:59:59,Pump,45,298
28,SPIN,Monday,16:30:00,20:29:59,Cycle,45,299
28,STUDIO,Friday,06:00:00,08:59:59,Bootcamp,45,300
28,SPIN,Monday,12:00:00,14:59:59,Cycle,30,301
28,STUDIO,Friday,09:00:00,11:59:59,Circuits,45,302
28,STUDIO,Friday,16:30:00,20:29:59,Pump,45,303
28,SPIN,Wednesday,09:00:00,11:59:59,Cycle,30,304
28,FUNCTIONAL,Monday,06:00:00,08:59:59,STRENGTH,30,305
28,STUDIO,Monday,12:00:00,14:59:59,LBT,45,306
28,SPIN,Wednesday,12:00:00,14:59:59,Cycle,30,307
28,STUDIO,Sunday,08:00:00,13:29:59,Yoga,60,308
28,STUDIO,Tuesday,16:30:00,20:29:59,Zumba,45,309
28,SPIN,Friday,12:00:00,14:59:59,Cycle,30,310
28,STUDIO,Friday,16:30:00,20:29:59,Yoga,60,311
28,STUDIO,Saturday,08:00:00,13:29:59,Pilates,45,312
28,STUDIO,Tuesday,06:00:00,08:59:59,Bootcamp,45,313
28,STUDIO,Wednesday,12:00:00,14:59:59,Step,45,314
28,SPIN,Friday,09:00:00,11:59:59,Cycle,45,315
28,SPIN,Thursday,16:30:00,20:29:59,Cycle,45,316
28,STUDIO,Wednesday,16:30:00,20:29:59,Zumba,60,317
28,SPIN,Tuesday,06:00:00,08:59:59,Cycle,30,318
28,STUDIO,Thursday,09:00:00,11:59:59,Zumba,60,319
28,SPIN,Thursday,12:00:00,14:59:59,Cycle,30,320
28,STUDIO,Friday,12:00:00,14:59:59,Bodytone,45,321
28,STUDIO,Tuesday,09:00:00,11:59:59,LBT,45,322
28,STUDIO,Monday,16:30:00,20:29:59,Zumba,45,323
28,SPIN,Saturday,08:00:00,13:29:59,Cycle,45,324
28,STUDIO,Saturday,08:00:00,13:29:59,Dance,30,325
28,STUDIO,Thursday,06:00:00,08:59:59,Bootcamp,45,326
28,STUDIO,Thursday,12:00:00,14:59:59,Step,30,327
28,STUDIO,Friday,09:00:00,11:59:59,Bodytone,45,328
28,STUDIO,Wednesday,09:00:00,11:59:59,Pump,45,329
28,STUDIO,Wednesday,09:00:00,11:59:59,LBT,30,330
28,STUDIO,Friday,12:00:00,14:59:59,LBT,45,331
28,STUDIO,Monday,16:30:00,20:29:59,Aerobics,45,332
28,FUNCTIONAL,Thursday,06:00:00,08:59:59,STRENGTH,45,333
28,STUDIO,Tuesday,16:30:00,20:29:59,Pump,45,334
28,STUDIO,Wednesday,16:30:00,20:29:59,Yoga,60,335
28,STUDIO,Monday,12:00:00,14:59:59,Pump,45,336
28,STUDIO,Tuesday,16:30:00,20:29:59,Yoga,45,337
28,STUDIO,Wednesday,16:30:00,20:29:59,Pilates,30,338
28,STUDIO,Wednesday,16:30:00,20:29:59,Pump,45,339
28,STUDIO,Monday,09:00:00,11:59:59,Yoga,45,340
28,STUDIO,Wednesday,06:00:00,08:59:59,Pump,30,341
28,STUDIO,Friday,09:00:00,11:59:59,Pilates,45,342
28,SPIN,Sunday,08:00:00,13:29:59,Cycle,45,343
28,STUDIO,Wednesday,06:00:00,08:59:59,Bodytone,30,344
28,STUDIO,Wednesday,12:00:00,14:59:59,Bodytone,45,345
28,STUDIO,Thursday,16:30:00,20:29:59,Pump,45,346
28,STUDIO,Thursday,16:30:00,20:29:59,Combat,30,347
28,STUDIO,Wednesday,06:00:00,08:59:59,Yoga,60,348
34,STUDIO,Sunday,08:00:00,13:29:59,Pump,45,349
34,STUDIO,Thursday,12:00:00,14:59:59,Yoga,60,350
34,STUDIO,Thursday,12:00:00,14:59:59,LBT,45,351
34,STUDIO,Thursday,16:30:00,20:29:59,Bodytone,45,352
34,STUDIO,Sunday,08:00:00,13:29:59,LBT,30,353
34,STUDIO,Wednesday,12:00:00,14:59:59,Yoga,60,354
34,SPIN,Tuesday,16:30:00,20:29:59,Cycle,45,355
34,STUDIO,Thursday,06:00:00,08:59:59,Pump,45,356
34,STUDIO,Tuesday,12:00:00,14:59:59,Pump,45,357
34,STUDIO,Monday,16:30:00,20:29:59,LBT,45,358
34,STUDIO,Thursday,12:00:00,14:59:59,Pump,45,359
34,STUDIO,Tuesday,12:00:00,14:59:59,Yoga,60,360
34,STUDIO,Tuesday,12:00:00,14:59:59,LBT,45,361
34,STUDIO,Tuesday,16:30:00,20:29:59,Combat,45,362
34,STUDIO,Monday,16:30:00,20:29:59,Pump,45,363
34,STUDIO,Thursday,16:30:00,20:29:59,Step,30,364
34,STUDIO,Wednesday,09:00:00,11:59:59,Zumba,45,365
34,STUDIO,Wednesday,06:00:00,08:59:59,Pilates,60,366
34,STUDIO,Saturday,08:00:00,13:29:59,Pump,45,367
34,STUDIO,Thursday,09:00:00,11:59:59,Bootcamp,45,368
34,STUDIO,Thursday,16:30:00,20:29:59,Yoga,60,369
34,STUDIO,Friday,16:30:00,20:29:59,LBT,30,370
34,STUDIO,Monday,09:00:00,11:59:59,LBT,30,371
34,STUDIO,Thursday,16:30:00,20:29:59,Zumba,60,372
34,STUDIO,Tuesday,09:00:00,11:59:59,Pilates,60,373
34,STUDIO,Wednesday,09:00:00,11:59:59,Pilates,45,374
34,STUDIO,Wednesday,16:30:00,20:29:59,LBT,45,375
34,FUNCTIONAL,Friday,06:00:00,08:59:59,SWEAT,30,376
34,SPIN,Friday,16:30:00,20:29:59,Cycle,45,377
34,STUDIO,Thursday,09:00:00,11:59:59,LBT,30,378
34,SPIN,Friday,06:00:00,08:59:59,Cycle,30,379
34,STUDIO,Monday,16:30:00,20:29:59,Bodytone,30,380
34,STUDIO,Tuesday,09:00:00,11:59:59,Circuits,45,381
34,STUDIO,Friday,06:00:00,08:59:59,LBT,45,382
34,STUDIO,Friday,09:00:00,11:59:59,Bootcamp,45,383
34,STUDIO,Thursday,09:00:00,11:59:59,Step,30,384
34,STUDIO,Monday,06:00:00,08:59:59,Burn It,30,385
34,SPIN,Monday,09:00:00,11:59:59,Cycle,45,386
34,STUDIO,Wednesday,16:30:00,20:29:59,Dance,45,387
34,STUDIO,Thursday,06:00:00,08:59:59,Circuits,45,388
34,FUNCTIONAL,Monday,16:30:00,20:29:59,SWEAT,30,389
34,STUDIO,Monday,09:00:00,11:59:59,Step,30,390
34,STUDIO,Monday,09:00:00,11:59:59,Bodytone,30,391
34,SPIN,Wednesday,06:00:00,08:59:59,Cycle,45,392
34,STUDIO,Sunday,08:00:00,13:29:59,Dance,45,393
34,STUDIO,Sunday,08:00:00,13:29:59,Zumba,60,394
34,STUDIO,Tuesday,12:00:00,14:59:59,HEAT,30,395
34,STUDIO,Tuesday,16:30:00,20:29:59,LBT,30,396
34,SPIN,Monday,06:00:00,08:59:59,Cycle,30,397
34,STUDIO,Wednesday,09:00:00,11:59:59,Bodytone,45,398
34,STUDIO,Thursday,09:00:00,11:59:59,Aerobics,30,399
34,SPIN,Wednesday,16:30:00,20:29:59,Cycle,45,400
34,SPIN,Tuesday,12:00:00,14:59:59,Cycle,45,401
34,STUDIO,Wednesday,16:30:00,20:29:59,Combat,30,402
34,SPIN,Tuesday,09:00:00,11:59:59,Cycle,30,403
34,STUDIO,Monday,16:30:00,20:29:59,Pilates,60,404
34,STUDIO,Tuesday,16:30:00,20:29:59,Step,45,405
34,STUDIO,Tuesday,09:00:00,11:59:59,Pump,45,406
34,STUDIO,Wednesday,12:00:00,14:59:59,Pump,45,407
34,STUDIO,Wednesday,16:30:00,20:29:59,Bodytone,30,408
34,STUDIO,Tuesday,09:00:00,11:59:59,Yoga,60,409
34,FUNCTIONAL,Wednesday,12:00:00,14:59:59,SWEAT,45,410
34,STUDIO,Monday,16:30:00,20:29:59,Step,30,411
34,STUDIO,Tuesday,16:30:00,20:29:59,Bodytone,45,412
34,STUDIO,Saturday,08:00:00,13:29:59,LBT,45,413
34,STUDIO,Wednesday,16:30:00,20:29:59,Aerobics,30,414
34,STUDIO,Tuesday,06:00:00,08:59:59,Circuits,45,415
34,FUNCTIONAL,Tuesday,16:30:00,20:29:59,STRENGTH,30,416
34,STUDIO,Friday,09:00:00,11:59:59,Pump,45,417
34,SPIN,Monday,16:30:00,20:29:59,Cycle,45,418
34,STUDIO,Friday,06:00:00,08:59:59,Bootcamp,45,419
34,SPIN,Monday,12:00:00,14:59:59,Cycle,30,420
34,STUDIO,Friday,09:00:00,11:59:59,Circuits,45,421
34,STUDIO,Friday,16:30:00,20:29:59,Pump,45,422
34,SPIN,Wednesday,09:00:00,11:59:59,Cycle,30,423
34,FUNCTIONAL,Monday,06:00:00,08:59:59,STRENGTH,30,424
34,STUDIO,Monday,12:00:00,14:59:59,LBT,45,425
34,SPIN,Wednesday,12:00:00,14:59:59,Cycle,30,426
34,STUDIO,Sunday,08:00:00,13:29:59,Yoga,60,427
34,STUDIO,Tuesday,16:30:00,20:29:59,Zumba,45,428
34,SPIN,Friday,12:00:00,14:59:59,Cycle,30,429
34,STUDIO,Friday,16:30:00,20:29:59,Yoga,60,430
34,STUDIO,Saturday,08:00:00,13:29:59,Pilates,45,431
34,STUDIO,Tuesday,06:00:00,08:59:59,Bootcamp,45,432
34,STUDIO,Wednesday,12:00:00,14:59:59,Step,45,433
34,SPIN,Friday,09:00:00,11:59:59,Cycle,45,434
34,SPIN,Thursday,16:30:00,20:29:59,Cycle,45,435
34,STUDIO,Wednesday,16:30:00,20:29:59,Zumba,60,436
34,SPIN,Tuesday,06:00:00,08:59:59,Cycle,30,437
34,STUDIO,Thursday,09:00:00,11:59:59,Zumba,60,438
34,SPIN,Thursday,12:00:00,14:59:59,Cycle,30,439
34,STUDIO,Friday,12:00:00,14:59:59,Bodytone,45,440
34,STUDIO,Tuesday,09:00:00,11:59:59,LBT,45,441
34,STUDIO,Monday,16:30:00,20:29:59,Zumba,45,442
34,SPIN,Saturday,08:00:00,13:29:59,Cycle,45,443
34,STUDIO,Saturday,08:00:00,13:29:59,Dance,30,444
34,STUDIO,Thursday,06:00:00,08:59:59,Bootcamp,45,445
34,STUDIO,Thursday,12:00:00,14:59:59,Step,30,446
34,STUDIO,Friday,09:00:00,11:59:59,Bodytone,45,447
34,STUDIO,Wednesday,09:00:00,11:59:59,Pump,45,448
34,STUDIO,Wednesday,09:00:00,11:59:59,LBT,30,449
34,STUDIO,Friday,12:00:00,14:59:59,LBT,45,450
34,STUDIO,Monday,16:30:00,20:29:59,Aerobics,45,451
34,FUNCTIONAL,Thursday,06:00:00,08:59:59,STRENGTH,45,452
34,STUDIO,Tuesday,16:30:00,20:29:59,Pump,45,453
34,STUDIO,Wednesday,16:30:00,20:29:59,Yoga,60,454
34,STUDIO,Monday,12:00:00,14:59:59,Pump,45,455
34,STUDIO,Tuesday,16:30:00,20:29:59,Yoga,45,456
34,STUDIO,Wednesday,16:30:00,20:29:59,Pilates,30,457
34,STUDIO,Wednesday,16:30:00,20:29:59,Pump,45,458
34,STUDIO,Monday,09:00:00,11:59:59,Yoga,45,459
34,STUDIO,Wednesday,06:00:00,08:59:59,Pump,30,460
34,STUDIO,Friday,09:00:00,11:59:59,Pilates,45,461
34,SPIN,Sunday,08:00:00,13:29:59,Cycle,45,462
34,STUDIO,Wednesday,06:00:00,08:59:59,Bodytone,30,463
34,STUDIO,Wednesday,12:00:00,14:59:59,Bodytone,45,464
34,STUDIO,Thursday,16:30:00,20:29:59,Pump,45,465
34,STUDIO,Thursday,16:30:00,20:29:59,Combat,30,466
34,STUDIO,Wednesday,06:00:00,08:59:59,Yoga,60,467
168,STUDIO,Thursday,12:00:00,14:59:59,Step,30,468
168,STUDIO,Wednesday,16:30:00,20:29:59,Bodytone,30,469
168,STUDIO,Thursday,16:30:00,20:29:59,Bodytone,45,470
168,STUDIO,Tuesday,12:00:00,14:59:59,Bodytone,45,471
168,STUDIO,Friday,12:00:00,14:59:59,LBT,45,472
168,STUDIO,Monday,12:00:00,14:59:59,LBT,45,473
168,STUDIO,Wednesday,09:00:00,11:59:59,Zumba,45,474
168,STUDIO,Tuesday,16:30:00,20:29:59,Bodytone,45,475
168,STUDIO,Tuesday,09:00:00,11:59:59,Circuits,45,476
168,STUDIO,Tuesday,09:00:00,11:59:59,Pump,45,477
168,STUDIO,Wednesday,09:00:00,11:59:59,Pilates,45,478
168,STUDIO,Monday,09:00:00,11:59:59,Step,30,479
168,STUDIO,Thursday,09:00:00,11:59:59,Burn It,45,480
168,STUDIO,Friday,16:30:00,20:29:59,Circuits,45,481
168,STUDIO,Sunday,08:00:00,13:29:59,LBT,30,482
168,STUDIO,Thursday,09:00:00,11:59:59,Aerobics,30,483
168,STUDIO,Monday,12:00:00,14:59:59,Pump,45,484
168,STUDIO,Monday,09:00:00,11:59:59,LBT,30,485
168,STUDIO,Tuesday,09:00:00,11:59:59,Pilates,60,486
168,STUDIO,Saturday,08:00:00,13:29:59,Pump,45,487
168,STUDIO,Tuesday,06:00:00,08:59:59,Pump,30,488
168,STUDIO,Friday,09:00:00,11:59:59,Circuits,45,489
168,STUDIO,Saturday,08:00:00,13:29:59,Yoga,60,490
168,STUDIO,Wednesday,12:00:00,14:59:59,Pump,45,491
168,STUDIO,Wednesday,16:30:00,20:29:59,Pump,45,492
168,STUDIO,Friday,12:00:00,14:59:59,Bodytone,45,493
168,STUDIO,Friday,16:30:00,20:29:59,LBT,30,494
168,STUDIO,Friday,12:00:00,14:59:59,Burn It,30,495
168,STUDIO,Wednesday,09:00:00,11:59:59,Pump,45,496
168,STUDIO,Friday,06:00:00,08:59:59,LBT,45,497
168,STUDIO,Thursday,12:00:00,14:59:59,Pump,45,498
168,STUDIO,Thursday,16:30:00,20:29:59,Combat,30,499
168,STUDIO,Tuesday,09:00:00,11:59:59,Burn It,45,500
168,STUDIO,Friday,16:30:00,20:29:59,Bodytone,45,501
168,STUDIO,Thursday,09:00:00,11:59:59,Zumba,60,502
168,STUDIO,Tuesday,09:00:00,11:59:59,LBT,45,503
168,STUDIO,Tuesday,16:30:00,20:29:59,Zumba,45,504
168,STUDIO,Saturday,08:00:00,13:29:59,LBT,45,505
168,STUDIO,Tuesday,16:30:00,20:29:59,LBT,30,506
168,STUDIO,Monday,16:30:00,20:29:59,Pilates,60,507
168,STUDIO,Thursday,16:30:00,20:29:59,Step,30,508
168,STUDIO,Thursday,16:30:00,20:29:59,Pump,45,509
168,STUDIO,Tuesday,16:30:00,20:29:59,Pump,45,510
168,STUDIO,Wednesday,06:00:00,08:59:59,Pump,30,511
168,STUDIO,Tuesday,12:00:00,14:59:59,Pump,45,512
168,STUDIO,Monday,09:00:00,11:59:59,Bodytone,30,513
168,STUDIO,Tuesday,06:00:00,08:59:59,Bootcamp,45,514
168,STUDIO,Wednesday,06:00:00,08:59:59,Bodytone,30,515
168,STUDIO,Friday,16:30:00,20:29:59,Pump,45,516
168,STUDIO,Tuesday,06:00:00,08:59:59,Circuits,45,517
168,STUDIO,Friday,09:00:00,11:59:59,Pilates,45,518
168,STUDIO,Thursday,12:00:00,14:59:59,LBT,45,519
168,STUDIO,Wednesday,09:00:00,11:59:59,LBT,30,520
168,STUDIO,Wednesday,12:00:00,14:59:59,Bodytone,45,521
168,STUDIO,Friday,09:00:00,11:59:59,Bootcamp,45,522
168,STUDIO,Thursday,12:00:00,14:59:59,Yoga,60,523
168,STUDIO,Thursday,09:00:00,11:59:59,Bootcamp,45,524
168,STUDIO,Wednesday,16:30:00,20:29:59,Combat,30,525
168,STUDIO,Wednesday,16:30:00,20:29:59,Yoga,60,526
168,STUDIO,Wednesday,16:30:00,20:29:59,Pilates,30,527
168,STUDIO,Friday,06:00:00,08:59:59,Bootcamp,45,528
168,STUDIO,Monday,16:30:00,20:29:59,Pump,45,529
168,STUDIO,Sunday,08:00:00,13:29:59,Pump,45,530
168,STUDIO,Friday,09:00:00,11:59:59,Bodytone,45,531
168,STUDIO,Sunday,08:00:00,13:29:59,Yoga,60,532
168,STUDIO,Wednesday,06:00:00,08:59:59,Pilates,60,533
168,STUDIO,Monday,16:30:00,20:29:59,Zumba,45,534
168,STUDIO,Thursday,09:00:00,11:59:59,Step,30,535
168,STUDIO,Tuesday,16:30:00,20:29:59,Combat,45,536
168,STUDIO,Tuesday,16:30:00,20:29:59,Step,45,537
168,STUDIO,Tuesday,12:00:00,14:59:59,HEAT,30,538
168,STUDIO,Monday,09:00:00,11:59:59,Yoga,45,539
168,STUDIO,Sunday,08:00:00,13:29:59,Zumba,60,540
168,STUDIO,Monday,16:30:00,20:29:59,Bodytone,30,541
168,STUDIO,Wednesday,12:00:00,14:59:59,Yoga,60,542
168,STUDIO,Saturday,08:00:00,13:29:59,Pilates,45,543
168,STUDIO,Friday,12:00:00,14:59:59,Pump,45,544
168,STUDIO,Thursday,16:30:00,20:29:59,Circuits,45,545
168,STUDIO,Thursday,06:00:00,08:59:59,Circuits,45,546
168,STUDIO,Friday,09:00:00,11:59:59,Pump,45,547
168,STUDIO,Thursday,16:30:00,20:29:59,Bootcamp,45,548
168,STUDIO,Wednesday,09:00:00,11:59:59,Bodytone,45,549
168,STUDIO,Monday,06:00:00,08:59:59,Burn It,30,550
168,STUDIO,Monday,16:30:00,20:29:59,Combat,45,551
168,STUDIO,Monday,16:30:00,20:29:59,Step,30,552
168,STUDIO,Friday,16:30:00,20:29:59,Yoga,60,553
168,STUDIO,Thursday,06:00:00,08:59:59,Pump,45,554
168,STUDIO,Tuesday,12:00:00,14:59:59,LBT,45,555
168,STUDIO,Saturday,08:00:00,13:29:59,Dance,30,556
168,STUDIO,Tuesday,09:00:00,11:59:59,Yoga,60,557
168,STUDIO,Tuesday,12:00:00,14:59:59,Yoga,60,558
168,STUDIO,Wednesday,16:30:00,20:29:59,LBT,45,559
168,STUDIO,Monday,16:30:00,20:29:59,Aerobics,45,560
168,STUDIO,Thursday,16:30:00,20:29:59,Yoga,60,561
168,STUDIO,Wednesday,12:00:00,14:59:59,Step,45,562
168,STUDIO,Wednesday,16:30:00,20:29:59,Zumba,60,563
168,STUDIO,Wednesday,16:30:00,20:29:59,Dance,45,564
168,STUDIO,Tuesday,16:30:00,20:29:59,Yoga,45,565
168,STUDIO,Monday,16:30:00,20:29:59,LBT,45,566
174,STUDIO,Sunday,08:00:00,13:29:59,Pump,45,567
174,STUDIO,Thursday,12:00:00,14:59:59,Yoga,60,568
174,STUDIO,Thursday,12:00:00,14:59:59,LBT,45,569
174,STUDIO,Thursday,16:30:00,20:29:59,Bodytone,45,570
174,STUDIO,Sunday,08:00:00,13:29:59,LBT,30,571
174,STUDIO,Wednesday,12:00:00,14:59:59,Yoga,60,572
174,SPIN,Tuesday,16:30:00,20:29:59,Cycle,45,573
174,STUDIO,Thursday,06:00:00,08:59:59,Pump,45,574
174,STUDIO,Tuesday,12:00:00,14:59:59,Pump,45,575
174,STUDIO,Monday,16:30:00,20:29:59,LBT,45,576
174,STUDIO,Thursday,12:00:00,14:59:59,Pump,45,577
174,STUDIO,Tuesday,12:00:00,14:59:59,Yoga,60,578
174,STUDIO,Tuesday,12:00:00,14:59:59,LBT,45,579
174,STUDIO,Tuesday,16:30:00,20:29:59,Combat,45,580
174,STUDIO,Monday,16:30:00,20:29:59,Pump,45,581
174,STUDIO,Thursday,16:30:00,20:29:59,Step,30,582
174,STUDIO,Wednesday,09:00:00,11:59:59,Zumba,45,583
174,STUDIO,Wednesday,06:00:00,08:59:59,Pilates,60,584
174,STUDIO,Saturday,08:00:00,13:29:59,Pump,45,585
174,STUDIO,Thursday,09:00:00,11:59:59,Bootcamp,45,586
174,STUDIO,Thursday,16:30:00,20:29:59,Yoga,60,587
174,STUDIO,Friday,16:30:00,20:29:59,LBT,30,588
174,STUDIO,Monday,09:00:00,11:59:59,LBT,30,589
174,STUDIO,Thursday,16:30:00,20:29:59,Zumba,60,590
174,STUDIO,Tuesday,09:00:00,11:59:59,Pilates,60,591
174,STUDIO,Wednesday,09:00:00,11:59:59,Pilates,45,592
174,STUDIO,Wednesday,16:30:00,20:29:59,LBT,45,593
174,FUNCTIONAL,Friday,06:00:00,08:59:59,SWEAT,30,594
174,SPIN,Friday,16:30:00,20:29:59,Cycle,45,595
174,STUDIO,Thursday,09:00:00,11:59:59,LBT,30,596
174,SPIN,Friday,06:00:00,08:59:59,Cycle,30,597
174,STUDIO,Monday,16:30:00,20:29:59,Bodytone,30,598
174,STUDIO,Tuesday,09:00:00,11:59:59,Circuits,45,599
174,STUDIO,Friday,06:00:00,08:59:59,LBT,45,600
174,STUDIO,Friday,09:00:00,11:59:59,Bootcamp,45,601
174,STUDIO,Thursday,09:00:00,11:59:59,Step,30,602
174,STUDIO,Monday,06:00:00,08:59:59,Burn It,30,603
174,SPIN,Monday,09:00:00,11:59:59,Cycle,45,604
174,STUDIO,Wednesday,16:30:00,20:29:59,Dance,45,605
174,STUDIO,Thursday,06:00:00,08:59:59,Circuits,45,606
174,FUNCTIONAL,Monday,16:30:00,20:29:59,SWEAT,30,607
174,STUDIO,Monday,09:00:00,11:59:59,Step,30,608
174,STUDIO,Monday,09:00:00,11:59:59,Bodytone,30,609
174,SPIN,Wednesday,06:00:00,08:59:59,Cycle,45,610
174,STUDIO,Sunday,08:00:00,13:29:59,Dance,45,611
174,STUDIO,Sunday,08:00:00,13:29:59,Zumba,60,612
174,STUDIO,Tuesday,12:00:00,14:59:59,HEAT,30,613
174,STUDIO,Tuesday,16:30:00,20:29:59,LBT,30,614
174,SPIN,Monday,06:00:00,08:59:59,Cycle,30,615
174,STUDIO,Wednesday,09:00:00,11:59:59,Bodytone,45,616
174,STUDIO,Thursday,09:00:00,11:59:59,Aerobics,30,617
174,SPIN,Wednesday,16:30:00,20:29:59,Cycle,45,618
174,SPIN,Tuesday,12:00:00,14:59:59,Cycle,45,619
174,STUDIO,Wednesday,16:30:00,20:29:59,Combat,30,620
174,SPIN,Tuesday,09:00:00,11:59:59,Cycle,30,621
174,STUDIO,Monday,16:30:00,20:29:59,Pilates,60,622
174,STUDIO,Tuesday,16:30:00,20:29:59,Step,45,623
174,STUDIO,Tuesday,09:00:00,11:59:59,Pump,45,624
174,STUDIO,Wednesday,12:00:00,14:59:59,Pump,45,625
174,STUDIO,Wednesday,16:30:00,20:29:59,Bodytone,30,626
174,STUDIO,Tuesday,09:00:00,11:59:59,Yoga,60,627
174,FUNCTIONAL,Wednesday,12:00:00,14:59:59,SWEAT,45,628
174,STUDIO,Monday,16:30:00,20:29:59,Step,30,629
174,STUDIO,Tuesday,16:30:00,20:29:59,Bodytone,45,630
174,STUDIO,Saturday,08:00:00,13:29:59,LBT,45,631
174,STUDIO,Wednesday,16:30:00,20:29:59,Aerobics,30,632
174,STUDIO,Tuesday,06:00:00,08:59:59,Circuits,45,633
174,FUNCTIONAL,Tuesday,16:30:00,20:29:59,STRENGTH,30,634
174,STUDIO,Friday,09:00:00,11:59:59,Pump,45,635
174,SPIN,Monday,16:30:00,20:29:59,Cycle,45,636
174,STUDIO,Friday,06:00:00,08:59:59,Bootcamp,45,637
174,SPIN,Monday,12:00:00,14:59:59,Cycle,30,638
174,STUDIO,Friday,09:00:00,11:59:59,Circuits,45,639
174,STUDIO,Friday,16:30:00,20:29:59,Pump,45,640
174,SPIN,Wednesday,09:00:00,11:59:59,Cycle,30,641
174,FUNCTIONAL,Monday,06:00:00,08:59:59,STRENGTH,30,642
174,STUDIO,Monday,12:00:00,14:59:59,LBT,45,643
174,SPIN,Wednesday,12:00:00,14:59:59,Cycle,30,644
174,STUDIO,Sunday,08:00:00,13:29:59,Yoga,60,645
174,STUDIO,Tuesday,16:30:00,20:29:59,Zumba,45,646
174,SPIN,Friday,12:00:00,14:59:59,Cycle,30,647
174,STUDIO,Friday,16:30:00,20:29:59,Yoga,60,648
174,STUDIO,Saturday,08:00:00,13:29:59,Pilates,45,649
174,STUDIO,Tuesday,06:00:00,08:59:59,Bootcamp,45,650
174,STUDIO,Wednesday,12:00:00,14:59:59,Step,45,651
174,SPIN,Friday,09:00:00,11:59:59,Cycle,45,652
174,SPIN,Thursday,16:30:00,20:29:59,Cycle,45,653
174,STUDIO,Wednesday,16:30:00,20:29:59,Zumba,60,654
174,SPIN,Tuesday,06:00:00,08:59:59,Cycle,30,655
174,STUDIO,Thursday,09:00:00,11:59:59,Zumba,60,656
174,SPIN,Thursday,12:00:00,14:59:59,Cycle,30,657
174,STUDIO,Friday,12:00:00,14:59:59,Bodytone,45,658
174,STUDIO,Tuesday,09:00:00,11:59:59,LBT,45,659
174,STUDIO,Monday,16:30:00,20:29:59,Zumba,45,660
174,SPIN,Saturday,08:00:00,13:29:59,Cycle,45,661
174,STUDIO,Saturday,08:00:00,13:29:59,Dance,30,662
174,STUDIO,Thursday,06:00:00,08:59:59,Bootcamp,45,663
174,STUDIO,Thursday,12:00:00,14:59:59,Step,30,664
174,STUDIO,Friday,09:00:00,11:59:59,Bodytone,45,665
174,STUDIO,Wednesday,09:00:00,11:59:59,Pump,45,666
174,STUDIO,Wednesday,09:00:00,11:59:59,LBT,30,667
174,STUDIO,Friday,12:00:00,14:59:59,LBT,45,668
174,STUDIO,Monday,16:30:00,20:29:59,Aerobics,45,669
174,FUNCTIONAL,Thursday,06:00:00,08:59:59,STRENGTH,45,670
174,STUDIO,Tuesday,16:30:00,20:29:59,Pump,45,671
174,STUDIO,Wednesday,16:30:00,20:29:59,Yoga,60,672
174,STUDIO,Monday,12:00:00,14:59:59,Pump,45,673
174,STUDIO,Tuesday,16:30:00,20:29:59,Yoga,45,674
174,STUDIO,Wednesday,16:30:00,20:29:59,Pilates,30,675
174,STUDIO,Wednesday,16:30:00,20:29:59,Pump,45,676
174,STUDIO,Monday,09:00:00,11:59:59,Yoga,45,677
174,STUDIO,Wednesday,06:00:00,08:59:59,Pump,30,678
174,STUDIO,Friday,09:00:00,11:59:59,Pilates,45,679
174,SPIN,Sunday,08:00:00,13:29:59,Cycle,45,680
174,STUDIO,Wednesday,06:00:00,08:59:59,Bodytone,30,681
174,STUDIO,Wednesday,12:00:00,14:59:59,Bodytone,45,682
174,STUDIO,Thursday,16:30:00,20:29:59,Pump,45,683
174,STUDIO,Thursday,16:30:00,20:29:59,Combat,30,684
174,STUDIO,Wednesday,06:00:00,08:59:59,Yoga,60,685
216,STUDIO,Sunday,08:00:00,13:29:59,Pump,45,686
216,STUDIO,Thursday,12:00:00,14:59:59,Yoga,60,687
216,STUDIO,Thursday,12:00:00,14:59:59,LBT,45,688
216,STUDIO,Thursday,16:30:00,20:29:59,Bodytone,45,689
216,STUDIO,Sunday,08:00:00,13:29:59,LBT,30,690
216,STUDIO,Wednesday,12:00:00,14:59:59,Yoga,60,691
216,SPIN,Tuesday,16:30:00,20:29:59,Cycle,45,692
216,STUDIO,Thursday,06:00:00,08:59:59,Pump,45,693
216,STUDIO,Tuesday,12:00:00,14:59:59,Pump,45,694
216,STUDIO,Monday,16:30:00,20:29:59,LBT,45,695
216,STUDIO,Thursday,12:00:00,14:59:59,Pump,45,696
216,STUDIO,Tuesday,12:00:00,14:59:59,Yoga,60,697
216,STUDIO,Tuesday,12:00:00,14:59:59,LBT,45,698
216,STUDIO,Tuesday,16:30:00,20:29:59,Combat,45,699
216,STUDIO,Monday,16:30:00,20:29:59,Pump,45,700
216,STUDIO,Thursday,16:30:00,20:29:59,Step,30,701
216,STUDIO,Wednesday,09:00:00,11:59:59,Zumba,45,702
216,STUDIO,Wednesday,06:00:00,08:59:59,Pilates,60,703
216,STUDIO,Saturday,08:00:00,13:29:59,Pump,45,704
216,STUDIO,Thursday,09:00:00,11:59:59,Bootcamp,45,705
216,STUDIO,Thursday,16:30:00,20:29:59,Yoga,60,706
216,STUDIO,Friday,16:30:00,20:29:59,LBT,30,707
216,STUDIO,Monday,09:00:00,11:59:59,LBT,30,708
216,STUDIO,Thursday,16:30:00,20:29:59,Zumba,60,709
216,STUDIO,Tuesday,09:00:00,11:59:59,Pilates,60,710
216,STUDIO,Wednesday,09:00:00,11:59:59,Pilates,45,711
216,STUDIO,Wednesday,16:30:00,20:29:59,LBT,45,712
216,FUNCTIONAL,Friday,06:00:00,08:59:59,SWEAT,30,713
216,SPIN,Friday,16:30:00,20:29:59,Cycle,45,714
216,STUDIO,Thursday,09:00:00,11:59:59,LBT,30,715
216,SPIN,Friday,06:00:00,08:59:59,Cycle,30,716
216,STUDIO,Monday,16:30:00,20:29:59,Bodytone,30,717
216,STUDIO,Tuesday,09:00:00,11:59:59,Circuits,45,718
216,STUDIO,Friday,06:00:00,08:59:59,LBT,45,719
216,STUDIO,Friday,09:00:00,11:59:59,Bootcamp,45,720
216,STUDIO,Thursday,09:00:00,11:59:59,Step,30,721
216,STUDIO,Monday,06:00:00,08:59:59,Burn It,30,722
216,SPIN,Monday,09:00:00,11:59:59,Cycle,45,723
216,STUDIO,Wednesday,16:30:00,20:29:59,Dance,45,724
216,STUDIO,Thursday,06:00:00,08:59:59,Circuits,45,725
216,FUNCTIONAL,Monday,16:30:00,20:29:59,SWEAT,30,726
216,STUDIO,Monday,09:00:00,11:59:59,Step,30,727
216,STUDIO,Monday,09:00:00,11:59:59,Bodytone,30,728
216,SPIN,Wednesday,06:00:00,08:59:59,Cycle,45,729
216,STUDIO,Sunday,08:00:00,13:29:59,Dance,45,730
216,STUDIO,Sunday,08:00:00,13:29:59,Zumba,60,731
216,STUDIO,Tuesday,12:00:00,14:59:59,HEAT,30,732
216,STUDIO,Tuesday,16:30:00,20:29:59,LBT,30,733
216,SPIN,Monday,06:00:00,08:59:59,Cycle,30,734
216,STUDIO,Wednesday,09:00:00,11:59:59,Bodytone,45,735
216,STUDIO,Thursday,09:00:00,11:59:59,Aerobics,30,736
216,SPIN,Wednesday,16:30:00,20:29:59,Cycle,45,737
216,SPIN,Tuesday,12:00:00,14:59:59,Cycle,45,738
216,STUDIO,Wednesday,16:30:00,20:29:59,Combat,30,739
216,SPIN,Tuesday,09:00:00,11:59:59,Cycle,30,740
216,STUDIO,Monday,16:30:00,20:29:59,Pilates,60,741
216,STUDIO,Tuesday,16:30:00,20:29:59,Step,45,742
216,STUDIO,Tuesday,09:00:00,11:59:59,Pump,45,743
216,STUDIO,Wednesday,12:00:00,14:59:59,Pump,45,744
216,STUDIO,Wednesday,16:30:00,20:29:59,Bodytone,30,745
216,STUDIO,Tuesday,09:00:00,11:59:59,Yoga,60,746
216,FUNCTIONAL,Wednesday,12:00:00,14:59:59,SWEAT,45,747
216,STUDIO,Monday,16:30:00,20:29:59,Step,30,748
216,STUDIO,Tuesday,16:30:00,20:29:59,Bodytone,45,749
216,STUDIO,Saturday,08:00:00,13:29:59,LBT,45,750
216,STUDIO,Wednesday,16:30:00,20:29:59,Aerobics,30,751
216,STUDIO,Tuesday,06:00:00,08:59:59,Circuits,45,752
216,FUNCTIONAL,Tuesday,16:30:00,20:29:59,STRENGTH,30,753
216,STUDIO,Friday,09:00:00,11:59:59,Pump,45,754
216,SPIN,Monday,16:30:00,20:29:59,Cycle,45,755
216,STUDIO,Friday,06:00:00,08:59:59,Bootcamp,45,756
216,SPIN,Monday,12:00:00,14:59:59,Cycle,30,757
216,STUDIO,Friday,09:00:00,11:59:59,Circuits,45,758
216,STUDIO,Friday,16:30:00,20:29:59,Pump,45,759
216,SPIN,Wednesday,09:00:00,11:59:59,Cycle,30,760
216,FUNCTIONAL,Monday,06:00:00,08:59:59,STRENGTH,30,761
216,STUDIO,Monday,12:00:00,14:59:59,LBT,45,762
216,SPIN,Wednesday,12:00:00,14:59:59,Cycle,30,763
216,STUDIO,Sunday,08:00:00,13:29:59,Yoga,60,764
216,STUDIO,Tuesday,16:30:00,20:29:59,Zumba,45,765
216,SPIN,Friday,12:00:00,14:59:59,Cycle,30,766
216,STUDIO,Friday,16:30:00,20:29:59,Yoga,60,767
216,STUDIO,Saturday,08:00:00,13:29:59,Pilates,45,768
216,STUDIO,Tuesday,06:00:00,08:59:59,Bootcamp,45,769
216,STUDIO,Wednesday,12:00:00,14:59:59,Step,45,770
216,SPIN,Friday,09:00:00,11:59:59,Cycle,45,771
216,SPIN,Thursday,16:30:00,20:29:59,Cycle,45,772
216,STUDIO,Wednesday,16:30:00,20:29:59,Zumba,60,773
216,SPIN,Tuesday,06:00:00,08:59:59,Cycle,30,774
216,STUDIO,Thursday,09:00:00,11:59:59,Zumba,60,775
216,SPIN,Thursday,12:00:00,14:59:59,Cycle,30,776
216,STUDIO,Friday,12:00:00,14:59:59,Bodytone,45,777
216,STUDIO,Tuesday,09:00:00,11:59:59,LBT,45,778
216,STUDIO,Monday,16:30:00,20:29:59,Zumba,45,779
216,SPIN,Saturday,08:00:00,13:29:59,Cycle,45,780
216,STUDIO,Saturday,08:00:00,13:29:59,Dance,30,781
216,STUDIO,Thursday,06:00:00,08:59:59,Bootcamp,45,782
216,STUDIO,Thursday,12:00:00,14:59:59,Step,30,783
216,STUDIO,Friday,09:00:00,11:59:59,Bodytone,45,784
216,STUDIO,Wednesday,09:00:00,11:59:59,Pump,45,785
216,STUDIO,Wednesday,09:00:00,11:59:59,LBT,30,786
216,STUDIO,Friday,12:00:00,14:59:59,LBT,45,787
216,STUDIO,Monday,16:30:00,20:29:59,Aerobics,45,788
216,FUNCTIONAL,Thursday,06:00:00,08:59:59,STRENGTH,45,789
216,STUDIO,Tuesday,16:30:00,20:29:59,Pump,45,790
216,STUDIO,Wednesday,16:30:00,20:29:59,Yoga,60,791
216,STUDIO,Monday,12:00:00,14:59:59,Pump,45,792
216,STUDIO,Tuesday,16:30:00,20:29:59,Yoga,45,793
216,STUDIO,Wednesday,16:30:00,20:29:59,Pilates,30,794
216,STUDIO,Wednesday,16:30:00,20:29:59,Pump,45,795
216,STUDIO,Monday,09:00:00,11:59:59,Yoga,45,796
216,STUDIO,Wednesday,06:00:00,08:59:59,Pump,30,797
216,STUDIO,Friday,09:00:00,11:59:59,Pilates,45,798
216,SPIN,Sunday,08:00:00,13:29:59,Cycle,45,799
216,STUDIO,Wednesday,06:00:00,08:59:59,Bodytone,30,800
216,STUDIO,Wednesday,12:00:00,14:59:59,Bodytone,45,801
216,STUDIO,Thursday,16:30:00,20:29:59,Pump,45,802
216,STUDIO,Thursday,16:30:00,20:29:59,Combat,30,803
216,STUDIO,Wednesday,06:00:00,08:59:59,Yoga,60,804
264,STUDIO,Wednesday,16:30:00,20:29:59,Yoga,60,805
264,STUDIO,Thursday,16:30:00,20:29:59,Combat,30,806
264,STUDIO,Tuesday,12:00:00,14:59:59,Pump,45,807
264,STUDIO,Monday,16:30:00,20:29:59,Pilates,60,808
264,STUDIO,Tuesday,06:00:00,08:59:59,LBT,45,809
264,STUDIO,Friday,16:30:00,20:29:59,Burn It,30,810
264,STUDIO,Thursday,16:30:00,20:29:59,Bodytone,45,811
264,FUNCTIONAL,Friday,06:00:00,08:59:59,SWEAT,30,812
264,STUDIO,Wednesday,16:30:00,20:29:59,Pump,45,813
264,STUDIO,Thursday,16:30:00,20:29:59,Step,30,814
264,STUDIO,Wednesday,06:00:00,08:59:59,Pump,30,815
264,STUDIO,Tuesday,16:30:00,20:29:59,LBT,30,816
264,STUDIO,Friday,09:00:00,11:59:59,Bootcamp,45,817
264,STUDIO,Friday,16:30:00,20:29:59,Yoga,60,818
264,STUDIO,Thursday,12:00:00,14:59:59,LBT,45,819
264,STUDIO,Thursday,09:00:00,11:59:59,Aerobics,30,820
264,STUDIO,Tuesday,09:00:00,11:59:59,Circuits,45,821
264,STUDIO,Tuesday,06:00:00,08:59:59,Bodytone,45,822
264,STUDIO,Wednesday,06:00:00,08:59:59,Bodytone,30,823
264,STUDIO,Friday,12:00:00,14:59:59,Burn It,30,824
264,STUDIO,Saturday,08:00:00,13:29:59,Pilates,45,825
264,STUDIO,Wednesday,16:30:00,20:29:59,Bodytone,30,826
264,STUDIO,Tuesday,16:30:00,20:29:59,Yoga,45,827
264,FUNCTIONAL,Wednesday,12:00:00,14:59:59,SWEAT,45,828
264,STUDIO,Wednesday,16:30:00,20:29:59,LBT,45,829
264,STUDIO,Friday,09:00:00,11:59:59,Bodytone,45,830
264,STUDIO,Thursday,16:30:00,20:29:59,Yoga,60,831
264,STUDIO,Friday,06:00:00,08:59:59,LBT,45,832
264,STUDIO,Friday,12:00:00,14:59:59,Bodytone,45,833
264,STUDIO,Tuesday,09:00:00,11:59:59,LBT,45,834
264,STUDIO,Tuesday,09:00:00,11:59:59,Pilates,60,835
264,STUDIO,Wednesday,09:00:00,11:59:59,Zumba,45,836
264,STUDIO,Thursday,12:00:00,14:59:59,Yoga,60,837
264,STUDIO,Wednesday,12:00:00,14:59:59,Pump,45,838
264,STUDIO,Friday,09:00:00,11:59:59,Pilates,45,839
264,STUDIO,Monday,16:30:00,20:29:59,Pump,45,840
264,STUDIO,Monday,12:00:00,14:59:59,LBT,45,841
264,STUDIO,Saturday,08:00:00,13:29:59,LBT,45,842
264,STUDIO,Monday,16:30:00,20:29:59,Combat,45,843
264,STUDIO,Thursday,09:00:00,11:59:59,Bootcamp,45,844
264,STUDIO,Wednesday,09:00:00,11:59:59,Bodytone,45,845
264,STUDIO,Wednesday,16:30:00,20:29:59,Dance,45,846
264,STUDIO,Tuesday,16:30:00,20:29:59,Zumba,45,847
264,STUDIO,Friday,06:00:00,08:59:59,Bootcamp,45,848
264,STUDIO,Monday,12:00:00,14:59:59,Pump,45,849
264,STUDIO,Monday,16:30:00,20:29:59,Zumba,45,850
264,STUDIO,Tuesday,12:00:00,14:59:59,Bodytone,45,851
264,STUDIO,Thursday,06:00:00,08:59:59,Pump,45,852
264,STUDIO,Friday,16:30:00,20:29:59,Bodytone,45,853
264,STUDIO,Friday,16:30:00,20:29:59,Pump,45,854
264,STUDIO,Wednesday,06:00:00,08:59:59,Pilates,60,855
264,FUNCTIONAL,Tuesday,16:30:00,20:29:59,STRENGTH,30,856
264,FUNCTIONAL,Monday,06:00:00,08:59:59,STRENGTH,30,857
264,STUDIO,Thursday,16:30:00,20:29:59,Pump,45,858
264,STUDIO,Wednesday,12:00:00,14:59:59,Yoga,60,859
264,STUDIO,Monday,16:30:00,20:29:59,Bodytone,30,860
264,STUDIO,Sunday,08:00:00,13:29:59,Zumba,60,861
264,STUDIO,Tuesday,06:00:00,08:59:59,Circuits,45,862
264,STUDIO,Tuesday,12:00:00,14:59:59,HEAT,30,863
264,STUDIO,Thursday,09:00:00,11:59:59,Step,30,864
264,STUDIO,Wednesday,12:00:00,14:59:59,Step,45,865
264,STUDIO,Friday,09:00:00,11:59:59,Circuits,45,866
264,STUDIO,Monday,16:30:00,20:29:59,Step,30,867
264,STUDIO,Tuesday,16:30:00,20:29:59,Step,45,868
264,STUDIO,Friday,16:30:00,20:29:59,Circuits,45,869
264,STUDIO,Thursday,12:00:00,14:59:59,Bodytone,30,870
264,STUDIO,Friday,12:00:00,14:59:59,LBT,45,871
264,STUDIO,Wednesday,06:00:00,08:59:59,Burn It,30,872
264,STUDIO,Monday,16:30:00,20:29:59,LBT,45,873
264,STUDIO,Wednesday,09:00:00,11:59:59,Pilates,45,874
264,STUDIO,Wednesday,09:00:00,11:59:59,LBT,30,875
264,STUDIO,Tuesday,09:00:00,11:59:59,Burn It,45,876
264,STUDIO,Saturday,08:00:00,13:29:59,Pump,45,877
264,STUDIO,Tuesday,16:30:00,20:29:59,Pump,45,878
264,STUDIO,Monday,06:00:00,08:59:59,Burn It,30,879
264,STUDIO,Thursday,16:30:00,20:29:59,Bootcamp,45,880
264,STUDIO,Thursday,12:00:00,14:59:59,Step,30,881
264,STUDIO,Wednesday,16:30:00,20:29:59,Combat,30,882
264,FUNCTIONAL,Thursday,06:00:00,08:59:59,STRENGTH,45,883
264,STUDIO,Tuesday,06:00:00,08:59:59,Bootcamp,45,884
264,STUDIO,Monday,09:00:00,11:59:59,Step,30,885
264,STUDIO,Tuesday,16:30:00,20:29:59,Combat,45,886
264,STUDIO,Thursday,09:00:00,11:59:59,Burn It,45,887
264,STUDIO,Tuesday,16:30:00,20:29:59,Bootcamp,45,888
264,STUDIO,Wednesday,12:00:00,14:59:59,Bodytone,45,889
264,STUDIO,Saturday,08:00:00,13:29:59,Yoga,60,890
264,STUDIO,Wednesday,16:30:00,20:29:59,Pilates,30,891
264,STUDIO,Thursday,09:00:00,11:59:59,Zumba,60,892
264,STUDIO,Sunday,08:00:00,13:29:59,Yoga,60,893
264,STUDIO,Wednesday,09:00:00,11:59:59,Pump,45,894
264,STUDIO,Monday,09:00:00,11:59:59,Bodytone,30,895
264,STUDIO,Thursday,06:00:00,08:59:59,LBT,30,896
264,STUDIO,Thursday,06:00:00,08:59:59,Bootcamp,45,897
264,STUDIO,Monday,09:00:00,11:59:59,LBT,30,898
264,STUDIO,Friday,16:30:00,20:29:59,LBT,30,899
264,STUDIO,Saturday,08:00:00,13:29:59,Dance,30,900
264,FUNCTIONAL,Monday,16:30:00,20:29:59,SWEAT,30,901
264,STUDIO,Friday,09:00:00,11:59:59,Pump,45,902
264,STUDIO,Tuesday,12:00:00,14:59:59,Yoga,60,903
264,STUDIO,Sunday,08:00:00,13:29:59,Pump,45,904
264,STUDIO,Monday,16:30:00,20:29:59,Aerobics,45,905
264,STUDIO,Monday,09:00:00,11:59:59,Yoga,45,906
264,STUDIO,Thursday,12:00:00,14:59:59,Pump,45,907
264,STUDIO,Thursday,16:30:00,20:29:59,Circuits,45,908
264,STUDIO,Tuesday,09:00:00,11:59:59,Pump,45,909
264,STUDIO,Tuesday,12:00:00,14:59:59,LBT,45,910
264,STUDIO,Sunday,08:00:00,13:29:59,LBT,30,911
264,STUDIO,Thursday,06:00:00,08:59:59,Circuits,45,912
264,STUDIO,Wednesday,16:30:00,20:29:59,Zumba,60,913
264,STUDIO,Tuesday,09:00:00,11:59:59,Yoga,60,914
264,STUDIO,Tuesday,06:00:00,08:59:59,Pump,30,915
293,STUDIO,Tuesday,16:30:00,20:29:59,Bootcamp,45,916
293,STUDIO,Thursday,16:30:00,20:29:59,Zumba,60,917
293,STUDIO,Sunday,08:00:00,13:29:59,Pump,45,918
293,STUDIO,Wednesday,12:00:00,14:59:59,Step,45,919
293,STUDIO,Wednesday,12:00:00,14:59:59,Pump,45,920
293,STUDIO,Friday,06:00:00,08:59:59,Bootcamp,45,921
293,STUDIO,Friday,16:30:00,20:29:59,Bodytone,45,922
293,SPIN,Friday,16:30:00,20:29:59,Cycle,45,923
293,STUDIO,Monday,16:30:00,20:29:59,Bodytone,30,924
293,STUDIO,Wednesday,12:00:00,14:59:59,LBT,30,925
293,SPIN,Thursday,12:00:00,14:59:59,Cycle,30,926
293,STUDIO,Tuesday,06:00:00,08:59:59,Circuits,45,927
293,STUDIO,Tuesday,12:00:00,14:59:59,Yoga,60,928
293,STUDIO,Friday,16:30:00,20:29:59,LBT,30,929
293,STUDIO,Saturday,08:00:00,13:29:59,LBT,45,930
293,STUDIO,Friday,09:00:00,11:59:59,Pilates,45,931
293,STUDIO,Friday,16:30:00,20:29:59,Pump,45,932
293,STUDIO,Tuesday,09:00:00,11:59:59,Yoga,60,933
293,STUDIO,Tuesday,16:30:00,20:29:59,Pump,45,934
293,STUDIO,Wednesday,06:00:00,08:59:59,Bodytone,30,935
293,STUDIO,Wednesday,06:00:00,08:59:59,Yoga,60,936
293,STUDIO,Thursday,12:00:00,14:59:59,Yoga,60,937
293,SPIN,Friday,06:00:00,08:59:59,Cycle,30,938
293,STUDIO,Thursday,12:00:00,14:59:59,Pump,45,939
293,STUDIO,Friday,16:30:00,20:29:59,Yoga,60,940
293,STUDIO,Friday,12:00:00,14:59:59,Pump,45,941
293,STUDIO,Tuesday,09:00:00,11:59:59,Circuits,45,942
293,STUDIO,Friday,09:00:00,11:59:59,Bodytone,45,943
293,SPIN,Wednesday,16:30:00,20:29:59,Cycle,45,944
293,STUDIO,Monday,09:00:00,11:59:59,Bodytone,30,945
293,STUDIO,Wednesday,09:00:00,11:59:59,Pump,45,946
293,STUDIO,Monday,16:30:00,20:29:59,Pump,45,947
293,STUDIO,Tuesday,12:00:00,14:59:59,LBT,45,948
293,SPIN,Friday,12:00:00,14:59:59,Cycle,30,949
293,STUDIO,Tuesday,16:30:00,20:29:59,Step,45,950
293,STUDIO,Thursday,16:30:00,20:29:59,Step,30,951
293,SPIN,Sunday,08:00:00,13:29:59,Cycle,45,952
293,STUDIO,Wednesday,06:00:00,08:59:59,Pump,30,953
293,STUDIO,Wednesday,16:30:00,20:29:59,LBT,45,954
293,STUDIO,Tuesday,09:00:00,11:59:59,Pump,45,955
293,STUDIO,Monday,16:30:00,20:29:59,LBT,45,956
293,STUDIO,Thursday,09:00:00,11:59:59,Step,30,957
293,STUDIO,Monday,09:00:00,11:59:59,Step,30,958
293,STUDIO,Tuesday,09:00:00,11:59:59,Pilates,60,959
293,STUDIO,Friday,12:00:00,14:59:59,LBT,45,960
293,STUDIO,Monday,16:30:00,20:29:59,Pilates,60,961
293,SPIN,Monday,16:30:00,20:29:59,Cycle,45,962
293,STUDIO,Wednesday,06:00:00,08:59:59,Pilates,60,963
293,STUDIO,Friday,09:00:00,11:59:59,Circuits,45,964
293,STUDIO,Friday,12:00:00,14:59:59,Bodytone,45,965
293,SPIN,Monday,09:00:00,11:59:59,Cycle,45,966
293,SPIN,Tuesday,12:00:00,14:59:59,Cycle,45,967
293,STUDIO,Wednesday,16:30:00,20:29:59,Pump,45,968
293,STUDIO,Monday,09:00:00,11:59:59,Yoga,45,969
293,STUDIO,Tuesday,06:00:00,08:59:59,Bootcamp,45,970
293,STUDIO,Thursday,12:00:00,14:59:59,LBT,45,971
293,STUDIO,Thursday,16:30:00,20:29:59,Bodytone,45,972
293,STUDIO,Wednesday,16:30:00,20:29:59,Aerobics,30,973
293,STUDIO,Saturday,08:00:00,13:29:59,Pump,45,974
293,STUDIO,Tuesday,16:30:00,20:29:59,Zumba,45,975
293,STUDIO,Thursday,16:30:00,20:29:59,Yoga,60,976
293,STUDIO,Monday,12:00:00,14:59:59,Pump,45,977
293,STUDIO,Thursday,09:00:00,11:59:59,Burn It,45,978
293,STUDIO,Friday,09:00:00,11:59:59,Bootcamp,45,979
293,STUDIO,Friday,16:30:00,20:29:59,Circuits,45,980
293,SPIN,Saturday,08:00:00,13:29:59,Cycle,45,981
293,STUDIO,Wednesday,16:30:00,20:29:59,Combat,30,982
293,STUDIO,Saturday,08:00:00,13:29:59,Pilates,45,983
293,STUDIO,Tuesday,09:00:00,11:59:59,LBT,45,984
293,STUDIO,Sunday,08:00:00,13:29:59,Yoga,60,985
293,STUDIO,Wednesday,09:00:00,11:59:59,Bodytone,45,986
293,STUDIO,Wednesday,16:30:00,20:29:59,Bodytone,30,987
293,SPIN,Tuesday,09:00:00,11:59:59,Cycle,30,988
293,STUDIO,Wednesday,09:00:00,11:59:59,Pilates,45,989
293,SPIN,Wednesday,09:00:00,11:59:59,Cycle,30,990
293,SPIN,Monday,06:00:00,08:59:59,Cycle,30,991
293,SPIN,Tuesday,16:30:00,20:29:59,Cycle,45,992
293,STUDIO,Monday,16:30:00,20:29:59,Zumba,45,993
293,SPIN,Thursday,09:00:00,11:59:59,Cycle,45,994
293,STUDIO,Monday,09:00:00,11:59:59,LBT,30,995
293,STUDIO,Sunday,08:00:00,13:29:59,Zumba,60,996
293,STUDIO,Saturday,08:00:00,13:29:59,Dance,30,997
293,STUDIO,Tuesday,16:30:00,20:29:59,Dance,45,998
293,SPIN,Wednesday,06:00:00,08:59:59,Cycle,45,999
293,STUDIO,Monday,06:00:00,08:59:59,Burn It,30,1000
293,STUDIO,Wednesday,16:30:00,20:29:59,Pilates,30,1001
293,STUDIO,Monday,16:30:00,20:29:59,Step,30,1002
293,STUDIO,Tuesday,16:30:00,20:29:59,Yoga,45,1003
293,STUDIO,Tuesday,12:00:00,14:59:59,Pump,45,1004
293,STUDIO,Wednesday,09:00:00,11:59:59,Zumba,45,1005
293,SPIN,Wednesday,12:00:00,14:59:59,Cycle,30,1006
293,STUDIO,Tuesday,16:30:00,20:29:59,LBT,30,1007
293,SPIN,Tuesday,06:00:00,08:59:59,Cycle,30,1008
293,STUDIO,Thursday,09:00:00,11:59:59,Aerobics,30,1009
293,STUDIO,Friday,09:00:00,11:59:59,Pump,45,1010
293,STUDIO,Thursday,06:00:00,08:59:59,Pump,45,1011
293,STUDIO,Thursday,12:00:00,14:59:59,Step,30,1012
293,STUDIO,Friday,06:00:00,08:59:59,LBT,45,1013
293,SPIN,Monday,12:00:00,14:59:59,Cycle,30,1014
293,STUDIO,Monday,12:00:00,14:59:59,LBT,45,1015
293,STUDIO,Wednesday,16:30:00,20:29:59,Dance,45,1016
293,STUDIO,Wednesday,12:00:00,14:59:59,Bodytone,45,1017
293,STUDIO,Thursday,16:30:00,20:29:59,Combat,30,1018
293,STUDIO,Wednesday,16:30:00,20:29:59,Zumba,60,1019
293,STUDIO,Wednesday,09:00:00,11:59:59,LBT,30,1020
293,STUDIO,Sunday,08:00:00,13:29:59,LBT,30,1021
293,SPIN,Friday,09:00:00,11:59:59,Cycle,45,1022
293,STUDIO,Monday,16:30:00,20:29:59,Aerobics,45,1023
293,STUDIO,Thursday,16:30:00,20:29:59,Pump,45,1024
293,STUDIO,Wednesday,12:00:00,14:59:59,Yoga,60,1025
293,STUDIO,Tuesday,12:00:00,14:59:59,HEAT,30,1026
293,STUDIO,Wednesday,16:30:00,20:29:59,Yoga,60,1027
293,STUDIO,Thursday,09:00:00,11:59:59,Zumba,60,1028
293,SPIN,Thursday,16:30:00,20:29:59,Cycle,45,1029
293,STUDIO,Sunday,08:00:00,13:29:59,Dance,45,1030
293,STUDIO,Thursday,09:00:00,11:59:59,Bootcamp,45,1031
314,STUDIO,Thursday,12:00:00,14:59:59,Step,30,1032
314,STUDIO,Wednesday,16:30:00,20:29:59,Bodytone,30,1033
314,STUDIO,Thursday,16:30:00,20:29:59,Bodytone,45,1034
314,STUDIO,Tuesday,12:00:00,14:59:59,Bodytone,45,1035
314,STUDIO,Friday,12:00:00,14:59:59,LBT,45,1036
314,STUDIO,Monday,12:00:00,14:59:59,LBT,45,1037
314,STUDIO,Wednesday,09:00:00,11:59:59,Zumba,45,1038
314,STUDIO,Tuesday,16:30:00,20:29:59,Bodytone,45,1039
314,STUDIO,Tuesday,09:00:00,11:59:59,Circuits,45,1040
314,STUDIO,Tuesday,09:00:00,11:59:59,Pump,45,1041
314,STUDIO,Wednesday,09:00:00,11:59:59,Pilates,45,1042
314,STUDIO,Monday,09:00:00,11:59:59,Step,30,1043
314,STUDIO,Thursday,09:00:00,11:59:59,Burn It,45,1044
314,STUDIO,Friday,16:30:00,20:29:59,Circuits,45,1045
314,STUDIO,Sunday,08:00:00,13:29:59,LBT,30,1046
314,STUDIO,Thursday,09:00:00,11:59:59,Aerobics,30,1047
314,STUDIO,Monday,12:00:00,14:59:59,Pump,45,1048
314,STUDIO,Monday,09:00:00,11:59:59,LBT,30,1049
314,STUDIO,Tuesday,09:00:00,11:59:59,Pilates,60,1050
314,STUDIO,Saturday,08:00:00,13:29:59,Pump,45,1051
314,STUDIO,Tuesday,06:00:00,08:59:59,Pump,30,1052
314,STUDIO,Friday,09:00:00,11:59:59,Circuits,45,1053
314,STUDIO,Saturday,08:00:00,13:29:59,Yoga,60,1054
314,STUDIO,Wednesday,12:00:00,14:59:59,Pump,45,1055
314,STUDIO,Wednesday,16:30:00,20:29:59,Pump,45,1056
314,STUDIO,Friday,12:00:00,14:59:59,Bodytone,45,1057
314,STUDIO,Friday,16:30:00,20:29:59,LBT,30,1058
314,STUDIO,Friday,12:00:00,14:59:59,Burn It,30,1059
314,STUDIO,Wednesday,09:00:00,11:59:59,Pump,45,1060
314,STUDIO,Friday,06:00:00,08:59:59,LBT,45,1061
314,STUDIO,Thursday,12:00:00,14:59:59,Pump,45,1062
314,STUDIO,Thursday,16:30:00,20:29:59,Combat,30,1063
314,STUDIO,Tuesday,09:00:00,11:59:59,Burn It,45,1064
314,STUDIO,Friday,16:30:00,20:29:59,Bodytone,45,1065
314,STUDIO,Thursday,09:00:00,11:59:59,Zumba,60,1066
314,STUDIO,Tuesday,09:00:00,11:59:59,LBT,45,1067
314,STUDIO,Tuesday,16:30:00,20:29:59,Zumba,45,1068
314,STUDIO,Saturday,08:00:00,13:29:59,LBT,45,1069
314,STUDIO,Tuesday,16:30:00,20:29:59,LBT,30,1070
314,STUDIO,Monday,16:30:00,20:29:59,Pilates,60,1071
314,STUDIO,Thursday,16:30:00,20:29:59,Step,30,1072
314,STUDIO,Thursday,16:30:00,20:29:59,Pump,45,1073
314,STUDIO,Tuesday,16:30:00,20:29:59,Pump,45,1074
314,STUDIO,Wednesday,06:00:00,08:59:59,Pump,30,1075
314,STUDIO,Tuesday,12:00:00,14:59:59,Pump,45,1076
314,STUDIO,Monday,09:00:00,11:59:59,Bodytone,30,1077
314,STUDIO,Tuesday,06:00:00,08:59:59,Bootcamp,45,1078
314,STUDIO,Wednesday,06:00:00,08:59:59,Bodytone,30,1079
314,STUDIO,Friday,16:30:00,20:29:59,Pump,45,1080
314,STUDIO,Tuesday,06:00:00,08:59:59,Circuits,45,1081
314,STUDIO,Friday,09:00:00,11:59:59,Pilates,45,1082
314,STUDIO,Thursday,12:00:00,14:59:59,LBT,45,1083
314,STUDIO,Wednesday,09:00:00,11:59:59,LBT,30,1084
314,STUDIO,Wednesday,12:00:00,14:59:59,Bodytone,45,1085
314,STUDIO,Friday,09:00:00,11:59:59,Bootcamp,45,1086
314,STUDIO,Thursday,12:00:00,14:59:59,Yoga,60,1087
314,STUDIO,Thursday,09:00:00,11:59:59,Bootcamp,45,1088
314,STUDIO,Wednesday,16:30:00,20:29:59,Combat,30,1089
314,STUDIO,Wednesday,16:30:00,20:29:59,Yoga,60,1090
314,STUDIO,Wednesday,16:30:00,20:29:59,Pilates,30,1091
314,STUDIO,Friday,06:00:00,08:59:59,Bootcamp,45,1092
314,STUDIO,Monday,16:30:00,20:29:59,Pump,45,1093
314,STUDIO,Sunday,08:00:00,13:29:59,Pump,45,1094
314,STUDIO,Friday,09:00:00,11:59:59,Bodytone,45,1095
314,STUDIO,Sunday,08:00:00,13:29:59,Yoga,60,1096
314,STUDIO,Wednesday,06:00:00,08:59:59,Pilates,60,1097
314,STUDIO,Monday,16:30:00,20:29:59,Zumba,45,1098
314,STUDIO,Thursday,09:00:00,11:59:59,Step,30,1099
314,STUDIO,Tuesday,16:30:00,20:29:59,Combat,45,1100
314,STUDIO,Tuesday,16:30:00,20:29:59,Step,45,1101
314,STUDIO,Tuesday,12:00:00,14:59:59,HEAT,30,1102
314,STUDIO,Monday,09:00:00,11:59:59,Yoga,45,1103
314,STUDIO,Sunday,08:00:00,13:29:59,Zumba,60,1104
314,STUDIO,Monday,16:30:00,20:29:59,Bodytone,30,1105
314,STUDIO,Wednesday,12:00:00,14:59:59,Yoga,60,1106
314,STUDIO,Saturday,08:00:00,13:29:59,Pilates,45,1107
314,STUDIO,Friday,12:00:00,14:59:59,Pump,45,1108
314,STUDIO,Thursday,16:30:00,20:29:59,Circuits,45,1109
314,STUDIO,Thursday,06:00:00,08:59:59,Circuits,45,1110
314,STUDIO,Friday,09:00:00,11:59:59,Pump,45,1111
314,STUDIO,Thursday,16:30:00,20:29:59,Bootcamp,45,1112
314,STUDIO,Wednesday,09:00:00,11:59:59,Bodytone,45,1113
314,STUDIO,Monday,06:00:00,08:59:59,Burn It,30,1114
314,STUDIO,Monday,16:30:00,20:29:59,Combat,45,1115
314,STUDIO,Monday,16:30:00,20:29:59,Step,30,1116
314,STUDIO,Friday,16:30:00,20:29:59,Yoga,60,1117
314,STUDIO,Thursday,06:00:00,08:59:59,Pump,45,1118
314,STUDIO,Tuesday,12:00:00,14:59:59,LBT,45,1119
314,STUDIO,Saturday,08:00:00,13:29:59,Dance,30,1120
314,STUDIO,Tuesday,09:00:00,11:59:59,Yoga,60,1121
314,STUDIO,Tuesday,12:00:00,14:59:59,Yoga,60,1122
314,STUDIO,Wednesday,16:30:00,20:29:59,LBT,45,1123
314,STUDIO,Monday,16:30:00,20:29:59,Aerobics,45,1124
314,STUDIO,Thursday,16:30:00,20:29:59,Yoga,60,1125
314,STUDIO,Wednesday,12:00:00,14:59:59,Step,45,1126
314,STUDIO,Wednesday,16:30:00,20:29:59,Zumba,60,1127
314,STUDIO,Wednesday,16:30:00,20:29:59,Dance,45,1128
314,STUDIO,Tuesday,16:30:00,20:29:59,Yoga,45,1129
314,STUDIO,Monday,16:30:00,20:29:59,LBT,45,1130
